{ "req_rapide_3_240_24" : { "BESTFUTURE_SIMPLE" : { "totalDistance" : 969.5611514045246, "pickupTardiness" : 80619274, "deliveryTardiness" : 48185666, "simulationTime" : 18855333, "simFinish" : [true, true, true], "overTime" : 34795333}},
"req_rapide_5_450_24" : { "BESTFUTURE_SIMPLE" : { "totalDistance" : 3734.0883927229365, "pickupTardiness" : 76576940, "deliveryTardiness" : 27994231, "simulationTime" : 30482333, "simFinish" : [true, true, true], "overTime" : 51253666}},
"req_rapide_1_240_33" : { "BESTFUTURE_SIMPLE" : { "totalDistance" : 1213.0540322097693, "pickupTardiness" : 358967804, "deliveryTardiness" : 313563513, "simulationTime" : 24497000, "simFinish" : [true, true, true], "overTime" : 93285333}},
"req_rapide_1_450_24" : { "BESTFUTURE_SIMPLE" : { "totalDistance" : 3631.3674159290736, "pickupTardiness" : 11732322, "deliveryTardiness" : 7824783, "simulationTime" : 29159666, "simFinish" : [true, true, true], "overTime" : 22860666}},
"req_rapide_1_240_24" : { "BESTFUTURE_SIMPLE" : { "totalDistance" : 992.9644010987237, "pickupTardiness" : 58133004, "deliveryTardiness" : 40335438, "simulationTime" : 18324666, "simFinish" : [true, true, true], "overTime" : 33021000}},
"req_rapide_4_240_24" : { "BESTFUTURE_SIMPLE" : { "totalDistance" : 970.7311245552628, "pickupTardiness" : 84076772, "deliveryTardiness" : 46710434, "simulationTime" : 18456666, "simFinish" : [true, true, true], "overTime" : 32935333}},
"req_rapide_4_240_33" : { "BESTFUTURE_SIMPLE" : { "totalDistance" : 1074.078573560587, "pickupTardiness" : 176041397, "deliveryTardiness" : 136488873, "simulationTime" : 21488000, "simFinish" : [true, true, true], "overTime" : 62421666}},
"req_rapide_3_240_33" : { "BESTFUTURE_SIMPLE" : { "totalDistance" : 1098.8088720251963, "pickupTardiness" : 156503011, "deliveryTardiness" : 134020578, "simulationTime" : 21522000, "simFinish" : [true, true, true], "overTime" : 61651000}},
"req_rapide_2_450_24" : { "BESTFUTURE_SIMPLE" : { "totalDistance" : 3578.192292539585, "pickupTardiness" : 25536554, "deliveryTardiness" : 12774529, "simulationTime" : 28657000, "simFinish" : [true, true, true], "overTime" : 18236333}},
"req_rapide_5_240_24" : { "BESTFUTURE_SIMPLE" : { "totalDistance" : 936.4692522030937, "pickupTardiness" : 37994875, "deliveryTardiness" : 28211743, "simulationTime" : 17418333, "simFinish" : [true, true, true], "overTime" : 24713666}},
"req_rapide_2_240_24" : { "BESTFUTURE_SIMPLE" : { "totalDistance" : 1006.1258162848097, "pickupTardiness" : 96606738, "deliveryTardiness" : 57515997, "simulationTime" : 19022000, "simFinish" : [true, true, true], "overTime" : 39088666}},
"req_rapide_3_450_24" : { "BESTFUTURE_SIMPLE" : { "totalDistance" : 3615.41216402444, "pickupTardiness" : 66392233, "deliveryTardiness" : 27415765, "simulationTime" : 29543666, "simFinish" : [true, true, true], "overTime" : 38858333}},
"req_rapide_5_240_33" : { "BESTFUTURE_SIMPLE" : { "totalDistance" : 1195.0410773398796, "pickupTardiness" : 406005545, "deliveryTardiness" : 347309612, "simulationTime" : 24960333, "simFinish" : [true, true, true], "overTime" : 98188000}},
"req_rapide_2_240_33" : { "BESTFUTURE_SIMPLE" : { "totalDistance" : 1079.1872196430772, "pickupTardiness" : 144195348, "deliveryTardiness" : 111336991, "simulationTime" : 20831333, "simFinish" : [true, true, true], "overTime" : 56723666}},
"req_rapide_4_450_24" : { "BESTFUTURE_SIMPLE" : { "totalDistance" : 3605.303890438232, "pickupTardiness" : 58764061, "deliveryTardiness" : 30695445, "simulationTime" : 30176333, "simFinish" : [true, true, true], "overTime" : 46215666}}
}