{ "req_rapide_3_240_24" : { "greedy" : { "totalDistance" : 386.6683010425736, "pickupTardiness" : 120255799, "deliveryTardiness" : 76865275, "simulationTime" : 18721000, "simFinish" : [true, true, true], "overTime" : 35919666, "gTardiness" : 3285.3512499999997, "gOverTime" : 598.6611111111112, "gTravelTime" : 773.3366020851472, "gCost" : 4657.348963196258}},
"req_rapide_5_450_24" : { "greedy" : { "totalDistance" : 904.1828371263483, "pickupTardiness" : 348348653, "deliveryTardiness" : 119389101, "simulationTime" : 30846333, "simFinish" : [true, true, true], "overTime" : 61686333, "gTardiness" : 7795.629255555556, "gOverTime" : 1028.1055555555556, "gTravelTime" : 1808.3656742526966, "gCost" : 10632.100485363808}},
"req_rapide_1_240_33" : { "greedy" : { "totalDistance" : 623.6115505917737, "pickupTardiness" : 546458876, "deliveryTardiness" : 467290078, "simulationTime" : 25224333, "simFinish" : [true, true, true], "overTime" : 101640333, "gTardiness" : 16895.815905555555, "gOverTime" : 1694.0055555555555, "gTravelTime" : 1247.2231011835474, "gCost" : 19837.044562294657}},
"req_rapide_1_450_24" : { "greedy" : { "totalDistance" : 707.3043190708604, "pickupTardiness" : 187441768, "deliveryTardiness" : 38833431, "simulationTime" : 29524666, "simFinish" : [true, true, true], "overTime" : 33325666, "gTardiness" : 3771.253338888889, "gOverTime" : 555.4277777777778, "gTravelTime" : 1414.6086381417208, "gCost" : 5741.2897548083865}},
"req_rapide_1_240_24" : { "greedy" : { "totalDistance" : 491.20603096193844, "pickupTardiness" : 154655018, "deliveryTardiness" : 90086292, "simulationTime" : 20081666, "simFinish" : [true, true, true], "overTime" : 48940666, "gTardiness" : 4079.0218499999996, "gOverTime" : 815.6777777777778, "gTravelTime" : 982.4120619238769, "gCost" : 5877.1116897016545}},
"req_rapide_4_240_24" : { "greedy" : { "totalDistance" : 459.28594520351527, "pickupTardiness" : 256204823, "deliveryTardiness" : 143135316, "simulationTime" : 21033666, "simFinish" : [true, true, true], "overTime" : 56912000, "gTardiness" : 6655.668983333334, "gOverTime" : 948.5333333333333, "gTravelTime" : 918.5718904070305, "gCost" : 8522.774207073699}},
"req_rapide_4_240_33" : { "greedy" : { "totalDistance" : 539.3496052860062, "pickupTardiness" : 425985491, "deliveryTardiness" : 328897401, "simulationTime" : 23740333, "simFinish" : [true, true, true], "overTime" : 84604666, "gTardiness" : 12581.38155, "gOverTime" : 1410.0777777777778, "gTravelTime" : 1078.6992105720124, "gCost" : 15070.158538349788}},
"req_rapide_3_240_33" : { "greedy" : { "totalDistance" : 552.7164493263796, "pickupTardiness" : 286702170, "deliveryTardiness" : 235708462, "simulationTime" : 22663333, "simFinish" : [true, true, true], "overTime" : 74584333, "gTardiness" : 8706.843883333333, "gOverTime" : 1243.0722222222223, "gTravelTime" : 1105.4328986527591, "gCost" : 11055.349004208314}},
"req_rapide_2_450_24" : { "greedy" : { "totalDistance" : 785.9683482691754, "pickupTardiness" : 325727850, "deliveryTardiness" : 63782557, "simulationTime" : 29896666, "simFinish" : [true, true, true], "overTime" : 45060000, "gTardiness" : 6491.8401277777775, "gOverTime" : 751.0, "gTravelTime" : 1571.9366965383508, "gCost" : 8814.776824316128}},
"req_rapide_5_240_24" : { "greedy" : { "totalDistance" : 342.85805028327144, "pickupTardiness" : 133204937, "deliveryTardiness" : 89511614, "simulationTime" : 18679000, "simFinish" : [true, true, true], "overTime" : 35711666, "gTardiness" : 3711.942522222222, "gOverTime" : 595.1944444444445, "gTravelTime" : 685.7161005665429, "gCost" : 4992.85306723321}},
"req_rapide_2_240_24" : { "greedy" : { "totalDistance" : 498.2401451934661, "pickupTardiness" : 177432822, "deliveryTardiness" : 100937166, "simulationTime" : 20371000, "simFinish" : [true, true, true], "overTime" : 52090666, "gTardiness" : 4639.499816666667, "gOverTime" : 868.1777777777778, "gTravelTime" : 996.4802903869322, "gCost" : 6504.157884831377}},
"req_rapide_3_450_24" : { "greedy" : { "totalDistance" : 819.4982568527199, "pickupTardiness" : 403014466, "deliveryTardiness" : 142676179, "simulationTime" : 30422000, "simFinish" : [true, true, true], "overTime" : 54136666, "gTardiness" : 9094.844094444445, "gOverTime" : 902.2777777777778, "gTravelTime" : 1638.9965137054398, "gCost" : 11636.118385927663}},
"req_rapide_5_240_33" : { "greedy" : { "totalDistance" : 760.745916595495, "pickupTardiness" : 663955580, "deliveryTardiness" : 561099872, "simulationTime" : 27124000, "simFinish" : [true, true, true], "overTime" : 120524666, "gTardiness" : 20417.59087777778, "gOverTime" : 2008.7444444444445, "gTravelTime" : 1521.49183319099, "gCost" : 23947.82715541321}},
"req_rapide_2_240_33" : { "greedy" : { "totalDistance" : 509.76388474387676, "pickupTardiness" : 314046121, "deliveryTardiness" : 230880519, "simulationTime" : 22293666, "simFinish" : [true, true, true], "overTime" : 71218666, "gTardiness" : 9082.110677777777, "gOverTime" : 1186.9777777777779, "gTravelTime" : 1019.5277694877535, "gCost" : 11288.616225043306}},
"req_rapide_4_450_24" : { "greedy" : { "totalDistance" : 989.1403057923093, "pickupTardiness" : 522806540, "deliveryTardiness" : 219263802, "simulationTime" : 32632333, "simFinish" : [true, true, true], "overTime" : 96358666, "gTardiness" : 12367.839044444445, "gOverTime" : 1605.9777777777779, "gTravelTime" : 1978.2806115846186, "gCost" : 15952.097433806839}}
}