{ "req_rapide_3_240_24" : { "greedy" : { "totalDistance" : 417.1149921384511, "pickupTardiness" : 308522461, "deliveryTardiness" : 190249760, "simulationTime" : 21151000, "simFinish" : [true, true, true], "overTime" : 59730000, "gTardiness" : 8312.870366666666, "gOverTime" : 995.5, "gTravelTime" : 834.2299842769022, "gCost" : 10142.600350943569}},
"req_rapide_5_450_24" : { "greedy" : { "totalDistance" : 972.7462418871886, "pickupTardiness" : 869398278, "deliveryTardiness" : 415186180, "simulationTime" : 34107666, "simFinish" : [true, true, true], "overTime" : 125662666, "gTardiness" : 21409.74097777778, "gOverTime" : 2094.3777777777777, "gTravelTime" : 1945.4924837743772, "gCost" : 25449.611239329937}},
"req_rapide_1_240_33" : { "greedy" : { "totalDistance" : 675.1387455218996, "pickupTardiness" : 753644464, "deliveryTardiness" : 652832374, "simulationTime" : 27246333, "simFinish" : [true, true, true], "overTime" : 121365333, "gTardiness" : 23441.280638888886, "gOverTime" : 2022.7555555555555, "gTravelTime" : 1350.2774910437993, "gCost" : 26814.313685488247}},
"req_rapide_1_450_24" : { "greedy" : { "totalDistance" : 716.0421395320791, "pickupTardiness" : 559896075, "deliveryTardiness" : 195986919, "simulationTime" : 31892666, "simFinish" : [true, true, true], "overTime" : 82585666, "gTardiness" : 12598.049911111111, "gOverTime" : 1376.427777777778, "gTravelTime" : 1432.0842790641582, "gCost" : 15406.561967953045}},
"req_rapide_1_240_24" : { "greedy" : { "totalDistance" : 455.45867711594883, "pickupTardiness" : 246333081, "deliveryTardiness" : 145970276, "simulationTime" : 20502666, "simFinish" : [true, true, true], "overTime" : 55161333, "gTardiness" : 6538.389305555555, "gOverTime" : 919.3555555555555, "gTravelTime" : 910.9173542318977, "gCost" : 8368.662215343009}},
"req_rapide_4_240_24" : { "greedy" : { "totalDistance" : 432.3010341351401, "pickupTardiness" : 299626671, "deliveryTardiness" : 182407782, "simulationTime" : 21354333, "simFinish" : [true, true, true], "overTime" : 61513666, "gTardiness" : 8033.907561111111, "gOverTime" : 1025.2277777777779, "gTravelTime" : 864.6020682702803, "gCost" : 9923.73740715917}},
"req_rapide_4_240_33" : { "greedy" : { "totalDistance" : 559.4460486228321, "pickupTardiness" : 567938311, "deliveryTardiness" : 458182824, "simulationTime" : 24795000, "simFinish" : [true, true, true], "overTime" : 98201333, "gTardiness" : 17102.01893333333, "gOverTime" : 1636.6888888888889, "gTravelTime" : 1118.8920972456642, "gCost" : 19857.599919467888}},
"req_rapide_3_240_33" : { "greedy" : { "totalDistance" : 595.062565054052, "pickupTardiness" : 445527737, "deliveryTardiness" : 360635964, "simulationTime" : 24895666, "simFinish" : [true, true, true], "overTime" : 95943000, "gTardiness" : 13436.061705555556, "gOverTime" : 1599.0500000000002, "gTravelTime" : 1190.125130108104, "gCost" : 16225.23683566366}},
"req_rapide_2_450_24" : { "greedy" : { "totalDistance" : 731.2316070142027, "pickupTardiness" : 643635504, "deliveryTardiness" : 236568547, "simulationTime" : 31596000, "simFinish" : [true, true, true], "overTime" : 80582666, "gTardiness" : 14670.067527777777, "gOverTime" : 1343.0444444444445, "gTravelTime" : 1462.4632140284054, "gCost" : 17475.575186250626}},
"req_rapide_5_240_24" : { "greedy" : { "totalDistance" : 408.8933582959997, "pickupTardiness" : 199955077, "deliveryTardiness" : 134821364, "simulationTime" : 20126666, "simFinish" : [true, true, true], "overTime" : 51107000, "gTardiness" : 5579.607355555556, "gOverTime" : 851.7833333333333, "gTravelTime" : 817.7867165919994, "gCost" : 7249.177405480888}},
"req_rapide_2_240_24" : { "greedy" : { "totalDistance" : 560.0933123722476, "pickupTardiness" : 323394080, "deliveryTardiness" : 199152630, "simulationTime" : 22566666, "simFinish" : [true, true, true], "overTime" : 73540000, "gTardiness" : 8709.111844444444, "gOverTime" : 1225.6666666666667, "gTravelTime" : 1120.1866247444952, "gCost" : 11054.965135855606}},
"req_rapide_3_450_24" : { "greedy" : { "totalDistance" : 844.9897553636724, "pickupTardiness" : 850859929, "deliveryTardiness" : 410938428, "simulationTime" : 33436000, "simFinish" : [true, true, true], "overTime" : 113433000, "gTardiness" : 21029.972622222223, "gOverTime" : 1890.55, "gTravelTime" : 1689.9795107273449, "gCost" : 24610.502132949565}},
"req_rapide_5_240_33" : { "greedy" : { "totalDistance" : 766.8478485725018, "pickupTardiness" : 894566186, "deliveryTardiness" : 764374263, "simulationTime" : 29237333, "simFinish" : [true, true, true], "overTime" : 139490333, "gTardiness" : 27649.00748333333, "gOverTime" : 2324.838888888889, "gTravelTime" : 1533.6956971450036, "gCost" : 31507.542069367224}},
"req_rapide_2_240_33" : { "greedy" : { "totalDistance" : 533.6642742771007, "pickupTardiness" : 423359546, "deliveryTardiness" : 304247848, "simulationTime" : 23463666, "simFinish" : [true, true, true], "overTime" : 83528666, "gTardiness" : 12126.789905555555, "gOverTime" : 1392.1444444444444, "gTravelTime" : 1067.3285485542015, "gCost" : 14586.262898554201}},
"req_rapide_4_450_24" : { "greedy" : { "totalDistance" : 896.9191764508578, "pickupTardiness" : 948958429, "deliveryTardiness" : 486824650, "simulationTime" : 34630000, "simFinish" : [true, true, true], "overTime" : 136629333, "gTardiness" : 23929.718000000004, "gOverTime" : 2277.1555555555556, "gTravelTime" : 1793.8383529017156, "gCost" : 28000.711908457273}}
}