{ "req_rapide_3_240_24" : { "greedy" : { "totalDistance" : 417.1149921384511, "pickupTardiness" : 308522461, "deliveryTardiness" : 190249760, "simulationTime" : 21151000, "simFinish" : [true, true, true], "overTime" : 59730000}, "greedy global" : { "totalDistance" : 567.11779931116, "pickupTardiness" : 9316134, "deliveryTardiness" : 12381447, "simulationTime" : 15433000, "simFinish" : [true, true, true], "overTime" : 7372000}},
"req_rapide_5_450_24" : { "greedy" : { "totalDistance" : 972.7462418871886, "pickupTardiness" : 869398278, "deliveryTardiness" : 415186180, "simulationTime" : 34107666, "simFinish" : [true, true, true], "overTime" : 125662666}, "greedy global" : { "totalDistance" : 1549.4591888715102, "pickupTardiness" : 812241, "deliveryTardiness" : 6711893, "simulationTime" : 28208000, "simFinish" : [true, true, true], "overTime" : 2865000}},
"req_rapide_1_240_33" : { "greedy" : { "totalDistance" : 675.1387455218996, "pickupTardiness" : 753644464, "deliveryTardiness" : 652832374, "simulationTime" : 27246333, "simFinish" : [true, true, true], "overTime" : 121365333}, "greedy global" : { "totalDistance" : 618.1357347440269, "pickupTardiness" : 212543173, "deliveryTardiness" : 198450713, "simulationTime" : 20651000, "simFinish" : [true, true, true], "overTime" : 55117000}},
"req_rapide_1_450_24" : { "greedy" : { "totalDistance" : 716.0421395320791, "pickupTardiness" : 559896075, "deliveryTardiness" : 195986919, "simulationTime" : 31892666, "simFinish" : [true, true, true], "overTime" : 82585666}, "greedy global" : { "totalDistance" : 1643.0249197198502, "pickupTardiness" : 733322, "deliveryTardiness" : 5695076, "simulationTime" : 27467000, "simFinish" : [true, true, true], "overTime" : 2013000}},
"req_rapide_1_240_24" : { "greedy" : { "totalDistance" : 455.45867711594883, "pickupTardiness" : 246333081, "deliveryTardiness" : 145970276, "simulationTime" : 20502666, "simFinish" : [true, true, true], "overTime" : 55161333}, "greedy global" : { "totalDistance" : 569.3983600046571, "pickupTardiness" : 6316011, "deliveryTardiness" : 12106787, "simulationTime" : 15621000, "simFinish" : [true, true, true], "overTime" : 7171000}},
"req_rapide_4_240_24" : { "greedy" : { "totalDistance" : 432.3010341351401, "pickupTardiness" : 299626671, "deliveryTardiness" : 182407782, "simulationTime" : 21354333, "simFinish" : [true, true, true], "overTime" : 61513666}, "greedy global" : { "totalDistance" : 558.2464074664227, "pickupTardiness" : 1041804, "deliveryTardiness" : 12088319, "simulationTime" : 15663000, "simFinish" : [true, true, true], "overTime" : 4889000}},
"req_rapide_4_240_33" : { "greedy" : { "totalDistance" : 559.4460486228321, "pickupTardiness" : 567938311, "deliveryTardiness" : 458182824, "simulationTime" : 24795000, "simFinish" : [true, true, true], "overTime" : 98201333}, "greedy global" : { "totalDistance" : 597.7569967035059, "pickupTardiness" : 74944336, "deliveryTardiness" : 59091461, "simulationTime" : 17954000, "simFinish" : [true, true, true], "overTime" : 27184000}},
"req_rapide_3_240_33" : { "greedy" : { "totalDistance" : 595.062565054052, "pickupTardiness" : 445527737, "deliveryTardiness" : 360635964, "simulationTime" : 24895666, "simFinish" : [true, true, true], "overTime" : 95943000}, "greedy global" : { "totalDistance" : 536.9323977830331, "pickupTardiness" : 63899283, "deliveryTardiness" : 63788018, "simulationTime" : 18000000, "simFinish" : [true, true, true], "overTime" : 29729000}},
"req_rapide_2_450_24" : { "greedy" : { "totalDistance" : 731.2316070142027, "pickupTardiness" : 643635504, "deliveryTardiness" : 236568547, "simulationTime" : 31596000, "simFinish" : [true, true, true], "overTime" : 80582666}, "greedy global" : { "totalDistance" : 1575.0356709904725, "pickupTardiness" : 694416, "deliveryTardiness" : 6824850, "simulationTime" : 28159000, "simFinish" : [true, true, true], "overTime" : 2477000}},
"req_rapide_5_240_24" : { "greedy" : { "totalDistance" : 408.8933582959997, "pickupTardiness" : 199955077, "deliveryTardiness" : 134821364, "simulationTime" : 20126666, "simFinish" : [true, true, true], "overTime" : 51107000}, "greedy global" : { "totalDistance" : 515.5265709019641, "pickupTardiness" : 2210596, "deliveryTardiness" : 13295831, "simulationTime" : 15884000, "simFinish" : [true, true, true], "overTime" : 5632000}},
"req_rapide_2_240_24" : { "greedy" : { "totalDistance" : 560.0933123722476, "pickupTardiness" : 323394080, "deliveryTardiness" : 199152630, "simulationTime" : 22566666, "simFinish" : [true, true, true], "overTime" : 73540000}, "greedy global" : { "totalDistance" : 458.0600243766062, "pickupTardiness" : 6231822, "deliveryTardiness" : 10872734, "simulationTime" : 16113000, "simFinish" : [true, true, true], "overTime" : 5748000}},
"req_rapide_3_450_24" : { "greedy" : { "totalDistance" : 844.9897553636724, "pickupTardiness" : 850859929, "deliveryTardiness" : 410938428, "simulationTime" : 33436000, "simFinish" : [true, true, true], "overTime" : 113433000}, "greedy global" : { "totalDistance" : 1293.0675684305409, "pickupTardiness" : 912082, "deliveryTardiness" : 8489902, "simulationTime" : 28316000, "simFinish" : [true, true, true], "overTime" : 2990000}},
"req_rapide_5_240_33" : { "greedy" : { "totalDistance" : 766.8478485725018, "pickupTardiness" : 894566186, "deliveryTardiness" : 764374263, "simulationTime" : 29237333, "simFinish" : [true, true, true], "overTime" : 139490333}, "greedy global" : { "totalDistance" : 656.2473713472594, "pickupTardiness" : 214391868, "deliveryTardiness" : 199093236, "simulationTime" : 20924000, "simFinish" : [true, true, true], "overTime" : 56475000}},
"req_rapide_2_240_33" : { "greedy" : { "totalDistance" : 533.6642742771007, "pickupTardiness" : 423359546, "deliveryTardiness" : 304247848, "simulationTime" : 23463666, "simFinish" : [true, true, true], "overTime" : 83528666}, "greedy global" : { "totalDistance" : 540.3869484544193, "pickupTardiness" : 47771502, "deliveryTardiness" : 48547397, "simulationTime" : 17284000, "simFinish" : [true, true, true], "overTime" : 23017000}},
"req_rapide_4_450_24" : { "greedy" : { "totalDistance" : 896.9191764508578, "pickupTardiness" : 948958429, "deliveryTardiness" : 486824650, "simulationTime" : 34630000, "simFinish" : [true, true, true], "overTime" : 136629333}, "greedy global" : { "totalDistance" : 1418.4239109430803, "pickupTardiness" : 497802, "deliveryTardiness" : 4496134, "simulationTime" : 27653000, "simFinish" : [true, true, true], "overTime" : 1236000}}
}