{ "req_rapide_3_240_24" : { "greedy global" : { "totalDistance" : 567.11779931116, "pickupTardiness" : 9316134, "deliveryTardiness" : 12381447, "simulationTime" : 15433000, "simFinish" : [true, true, true], "overTime" : 7372000, "gTardiness" : 361.62635, "gOverTime" : 122.86666666666666, "gTravelTime" : 1134.23559862232, "gCost" : 1618.7286152889865}},
"req_rapide_5_450_24" : { "greedy global" : { "totalDistance" : 1549.4591888715102, "pickupTardiness" : 812241, "deliveryTardiness" : 6711893, "simulationTime" : 28208000, "simFinish" : [true, true, true], "overTime" : 2865000, "gTardiness" : 125.40223333333331, "gOverTime" : 47.75, "gTravelTime" : 3098.9183777430203, "gCost" : 3272.070611076353}},
"req_rapide_1_240_33" : { "greedy global" : { "totalDistance" : 618.1357347440269, "pickupTardiness" : 212543173, "deliveryTardiness" : 198450713, "simulationTime" : 20651000, "simFinish" : [true, true, true], "overTime" : 55117000, "gTardiness" : 6849.898100000001, "gOverTime" : 918.6166666666667, "gTravelTime" : 1236.2714694880538, "gCost" : 9004.786236154721}},
"req_rapide_1_450_24" : { "greedy global" : { "totalDistance" : 1643.0249197198502, "pickupTardiness" : 733322, "deliveryTardiness" : 5695076, "simulationTime" : 27467000, "simFinish" : [true, true, true], "overTime" : 2013000, "gTardiness" : 107.13996666666667, "gOverTime" : 33.55, "gTravelTime" : 3286.0498394397005, "gCost" : 3426.7398061063673}},
"req_rapide_1_240_24" : { "greedy global" : { "totalDistance" : 569.3983600046571, "pickupTardiness" : 6316011, "deliveryTardiness" : 12106787, "simulationTime" : 15621000, "simFinish" : [true, true, true], "overTime" : 7171000, "gTardiness" : 307.0466333333333, "gOverTime" : 119.51666666666667, "gTravelTime" : 1138.7967200093142, "gCost" : 1565.3600200093142}},
"req_rapide_4_240_24" : { "greedy global" : { "totalDistance" : 558.2464074664227, "pickupTardiness" : 1041804, "deliveryTardiness" : 12088319, "simulationTime" : 15663000, "simFinish" : [true, true, true], "overTime" : 4889000, "gTardiness" : 218.83538333333334, "gOverTime" : 81.48333333333333, "gTravelTime" : 1116.4928149328455, "gCost" : 1416.8115315995121}},
"req_rapide_4_240_33" : { "greedy global" : { "totalDistance" : 597.7569967035059, "pickupTardiness" : 74944336, "deliveryTardiness" : 59091461, "simulationTime" : 17954000, "simFinish" : [true, true, true], "overTime" : 27184000, "gTardiness" : 2233.92995, "gOverTime" : 453.06666666666666, "gTravelTime" : 1195.5139934070119, "gCost" : 3882.510610073679}},
"req_rapide_3_240_33" : { "greedy global" : { "totalDistance" : 536.9323977830331, "pickupTardiness" : 63899283, "deliveryTardiness" : 63788018, "simulationTime" : 18000000, "simFinish" : [true, true, true], "overTime" : 29729000, "gTardiness" : 2128.1216833333333, "gOverTime" : 495.48333333333335, "gTravelTime" : 1073.8647955660663, "gCost" : 3697.469812232733}},
"req_rapide_2_450_24" : { "greedy global" : { "totalDistance" : 1575.0356709904725, "pickupTardiness" : 694416, "deliveryTardiness" : 6824850, "simulationTime" : 28159000, "simFinish" : [true, true, true], "overTime" : 2477000, "gTardiness" : 125.3211, "gOverTime" : 41.28333333333333, "gTravelTime" : 3150.071341980945, "gCost" : 3316.675775314279}},
"req_rapide_5_240_24" : { "greedy global" : { "totalDistance" : 515.5265709019641, "pickupTardiness" : 2210596, "deliveryTardiness" : 13295831, "simulationTime" : 15884000, "simFinish" : [true, true, true], "overTime" : 5632000, "gTardiness" : 258.44045, "gOverTime" : 93.86666666666666, "gTravelTime" : 1031.0531418039282, "gCost" : 1383.3602584705948}},
"req_rapide_2_240_24" : { "greedy global" : { "totalDistance" : 458.0600243766062, "pickupTardiness" : 6231822, "deliveryTardiness" : 10872734, "simulationTime" : 16113000, "simFinish" : [true, true, true], "overTime" : 5748000, "gTardiness" : 285.07593333333335, "gOverTime" : 95.8, "gTravelTime" : 916.1200487532124, "gCost" : 1296.9959820865456}},
"req_rapide_3_450_24" : { "greedy global" : { "totalDistance" : 1293.0675684305409, "pickupTardiness" : 912082, "deliveryTardiness" : 8489902, "simulationTime" : 28316000, "simFinish" : [true, true, true], "overTime" : 2990000, "gTardiness" : 156.69973333333334, "gOverTime" : 49.833333333333336, "gTravelTime" : 2586.1351368610817, "gCost" : 2792.6682035277486}},
"req_rapide_5_240_33" : { "greedy global" : { "totalDistance" : 656.2473713472594, "pickupTardiness" : 214391868, "deliveryTardiness" : 199093236, "simulationTime" : 20924000, "simFinish" : [true, true, true], "overTime" : 56475000, "gTardiness" : 6891.4184, "gOverTime" : 941.25, "gTravelTime" : 1312.494742694519, "gCost" : 9145.163142694519}},
"req_rapide_2_240_33" : { "greedy global" : { "totalDistance" : 540.3869484544193, "pickupTardiness" : 47771502, "deliveryTardiness" : 48547397, "simulationTime" : 17284000, "simFinish" : [true, true, true], "overTime" : 23017000, "gTardiness" : 1605.3149833333334, "gOverTime" : 383.6166666666666, "gTravelTime" : 1080.7738969088387, "gCost" : 3069.705546908839}},
"req_rapide_4_450_24" : { "greedy global" : { "totalDistance" : 1418.4239109430803, "pickupTardiness" : 497802, "deliveryTardiness" : 4496134, "simulationTime" : 27653000, "simFinish" : [true, true, true], "overTime" : 1236000, "gTardiness" : 83.23226666666666, "gOverTime" : 20.6, "gTravelTime" : 2836.8478218861605, "gCost" : 2940.680088552827}}
}