{ "req_rapide_3_240_24" : { "SmartVehicle" : { "totalDistance" : 1107.6911238676578, "pickupTardiness" : 142061862, "deliveryTardiness" : 101390971, "simulationTime" : 20289333, "simFinish" : [true, true, true], "overTime" : 52447666}},
"req_rapide_5_450_24" : { "SmartVehicle" : { "totalDistance" : 4163.253172307433, "pickupTardiness" : 248896764, "deliveryTardiness" : 141557810, "simulationTime" : 33464666, "simFinish" : [true, true, true], "overTime" : 109563666}},
"req_rapide_1_240_33" : { "SmartVehicle" : { "totalDistance" : 1534.5072338769307, "pickupTardiness" : 532213346, "deliveryTardiness" : 488134494, "simulationTime" : 28430333, "simFinish" : [true, true, true], "overTime" : 133188333}},
"req_rapide_1_450_24" : { "SmartVehicle" : { "totalDistance" : 3906.24342715851, "pickupTardiness" : 104959863, "deliveryTardiness" : 45275105, "simulationTime" : 30742000, "simFinish" : [true, true, true], "overTime" : 59858666}},
"req_rapide_1_240_24" : { "SmartVehicle" : { "totalDistance" : 1058.9742765709386, "pickupTardiness" : 81942507, "deliveryTardiness" : 63384171, "simulationTime" : 19504333, "simFinish" : [true, true, true], "overTime" : 41898666}},
"req_rapide_4_240_24" : { "SmartVehicle" : { "totalDistance" : 1073.8514722193488, "pickupTardiness" : 125822456, "deliveryTardiness" : 77665638, "simulationTime" : 19762333, "simFinish" : [true, true, true], "overTime" : 46478666}},
"req_rapide_4_240_33" : { "SmartVehicle" : { "totalDistance" : 1323.1478458017511, "pickupTardiness" : 263958703, "deliveryTardiness" : 224282504, "simulationTime" : 24811333, "simFinish" : [true, true, true], "overTime" : 95245000}},
"req_rapide_3_240_33" : { "SmartVehicle" : { "totalDistance" : 1327.7946618535495, "pickupTardiness" : 296663163, "deliveryTardiness" : 256991418, "simulationTime" : 24210333, "simFinish" : [true, true, true], "overTime" : 90395000}},
"req_rapide_2_450_24" : { "SmartVehicle" : { "totalDistance" : 4028.7097261422255, "pickupTardiness" : 181061691, "deliveryTardiness" : 71182561, "simulationTime" : 31569333, "simFinish" : [true, true, true], "overTime" : 77327333}},
"req_rapide_5_240_24" : { "SmartVehicle" : { "totalDistance" : 1055.739277585604, "pickupTardiness" : 80211746, "deliveryTardiness" : 65006337, "simulationTime" : 19232000, "simFinish" : [true, true, true], "overTime" : 40458000}},
"req_rapide_2_240_24" : { "SmartVehicle" : { "totalDistance" : 1164.0053703949704, "pickupTardiness" : 143223826, "deliveryTardiness" : 106003580, "simulationTime" : 21273666, "simFinish" : [true, true, true], "overTime" : 59454666}},
"req_rapide_3_450_24" : { "SmartVehicle" : { "totalDistance" : 4030.836953115311, "pickupTardiness" : 168314792, "deliveryTardiness" : 104318792, "simulationTime" : 32764333, "simFinish" : [true, true, true], "overTime" : 93324333}},
"req_rapide_5_240_33" : { "SmartVehicle" : { "totalDistance" : 1492.6063071347573, "pickupTardiness" : 598798999, "deliveryTardiness" : 542106063, "simulationTime" : 28697333, "simFinish" : [true, true, true], "overTime" : 135292666}},
"req_rapide_2_240_33" : { "SmartVehicle" : { "totalDistance" : 1255.234317018618, "pickupTardiness" : 253889188, "deliveryTardiness" : 208639553, "simulationTime" : 23195333, "simFinish" : [true, true, true], "overTime" : 80940333}},
"req_rapide_4_450_24" : { "SmartVehicle" : { "totalDistance" : 4004.497770400207, "pickupTardiness" : 196087360, "deliveryTardiness" : 124428127, "simulationTime" : 32621333, "simFinish" : [true, true, true], "overTime" : 94105000}}
}