{ "req_rapide_3_240_24" : { "SmartVehicle" : { "totalDistance" : 1208.0556754419745, "pickupTardiness" : 160355740, "deliveryTardiness" : 149492701, "simulationTime" : 21180666, "simFinish" : [true, true, true], "overTime" : 61848333}},
"req_rapide_5_450_24" : { "SmartVehicle" : { "totalDistance" : 4571.332345270526, "pickupTardiness" : 323680454, "deliveryTardiness" : 328836155, "simulationTime" : 34936000, "simFinish" : [true, true, true], "overTime" : 139514333}},
"req_rapide_1_240_33" : { "SmartVehicle" : { "totalDistance" : 1778.4802955985942, "pickupTardiness" : 780277064, "deliveryTardiness" : 759929518, "simulationTime" : 31129000, "simFinish" : [true, true, true], "overTime" : 159325000}},
"req_rapide_1_450_24" : { "SmartVehicle" : { "totalDistance" : 4113.319986867382, "pickupTardiness" : 76219730, "deliveryTardiness" : 81128009, "simulationTime" : 31269666, "simFinish" : [true, true, true], "overTime" : 65998666}},
"req_rapide_1_240_24" : { "SmartVehicle" : { "totalDistance" : 1129.8093866718307, "pickupTardiness" : 114581628, "deliveryTardiness" : 106839124, "simulationTime" : 19705000, "simFinish" : [true, true, true], "overTime" : 48761333}},
"req_rapide_4_240_24" : { "SmartVehicle" : { "totalDistance" : 1112.5711093561486, "pickupTardiness" : 115003415, "deliveryTardiness" : 107441895, "simulationTime" : 19752000, "simFinish" : [true, true, true], "overTime" : 47448000}},
"req_rapide_4_240_33" : { "SmartVehicle" : { "totalDistance" : 1575.0882856926194, "pickupTardiness" : 503398742, "deliveryTardiness" : 474566916, "simulationTime" : 27253000, "simFinish" : [true, true, true], "overTime" : 118981666}},
"req_rapide_3_240_33" : { "SmartVehicle" : { "totalDistance" : 1499.4521885177307, "pickupTardiness" : 439559885, "deliveryTardiness" : 426871684, "simulationTime" : 25251666, "simFinish" : [true, true, true], "overTime" : 105922000}},
"req_rapide_2_450_24" : { "SmartVehicle" : { "totalDistance" : 4095.809571846752, "pickupTardiness" : 100010592, "deliveryTardiness" : 104145953, "simulationTime" : 31025333, "simFinish" : [true, true, true], "overTime" : 67996333}},
"req_rapide_5_240_24" : { "SmartVehicle" : { "totalDistance" : 1145.8786783962569, "pickupTardiness" : 114677221, "deliveryTardiness" : 117636805, "simulationTime" : 19519000, "simFinish" : [true, true, true], "overTime" : 47168000}},
"req_rapide_2_240_24" : { "SmartVehicle" : { "totalDistance" : 1214.127197771509, "pickupTardiness" : 161984298, "deliveryTardiness" : 160849521, "simulationTime" : 20832333, "simFinish" : [true, true, true], "overTime" : 61534666}},
"req_rapide_3_450_24" : { "SmartVehicle" : { "totalDistance" : 4447.347546732665, "pickupTardiness" : 314818010, "deliveryTardiness" : 323535866, "simulationTime" : 33878000, "simFinish" : [true, true, true], "overTime" : 127338333}},
"req_rapide_5_240_33" : { "SmartVehicle" : { "totalDistance" : 1765.4233875982145, "pickupTardiness" : 931798547, "deliveryTardiness" : 903388477, "simulationTime" : 31330333, "simFinish" : [true, true, true], "overTime" : 163801000}},
"req_rapide_2_240_33" : { "SmartVehicle" : { "totalDistance" : 1418.029181610823, "pickupTardiness" : 360149161, "deliveryTardiness" : 337918891, "simulationTime" : 24733333, "simFinish" : [true, true, true], "overTime" : 96103000}},
"req_rapide_4_450_24" : { "SmartVehicle" : { "totalDistance" : 4479.853078378777, "pickupTardiness" : 358826921, "deliveryTardiness" : 377790306, "simulationTime" : 34382333, "simFinish" : [true, true, true], "overTime" : 139810333}}
}