{ "req_rapide_3_240_24" : { "SmartVehicle" : { "totalDistance" : 1068.0653579815219, "pickupTardiness" : 116259164, "deliveryTardiness" : 79351222, "simulationTime" : 19901666, "simFinish" : [true, true, true], "overTime" : 49577333}},
"req_rapide_5_450_24" : { "SmartVehicle" : { "totalDistance" : 3937.940576499892, "pickupTardiness" : 94818444, "deliveryTardiness" : 56816521, "simulationTime" : 32029000, "simFinish" : [true, true, true], "overTime" : 81645666}},
"req_rapide_1_240_33" : { "SmartVehicle" : { "totalDistance" : 1563.8645258370227, "pickupTardiness" : 519567287, "deliveryTardiness" : 479018203, "simulationTime" : 28774666, "simFinish" : [true, true, true], "overTime" : 135505666}},
"req_rapide_1_450_24" : { "SmartVehicle" : { "totalDistance" : 3783.653517144606, "pickupTardiness" : 28359358, "deliveryTardiness" : 11981808, "simulationTime" : 30151333, "simFinish" : [true, true, true], "overTime" : 46489333}},
"req_rapide_1_240_24" : { "SmartVehicle" : { "totalDistance" : 1120.32272933525, "pickupTardiness" : 71700016, "deliveryTardiness" : 57200176, "simulationTime" : 20148666, "simFinish" : [true, true, true], "overTime" : 49843333}},
"req_rapide_4_240_24" : { "SmartVehicle" : { "totalDistance" : 1058.9128497991435, "pickupTardiness" : 99809345, "deliveryTardiness" : 59743029, "simulationTime" : 19756666, "simFinish" : [true, true, true], "overTime" : 44114333}},
"req_rapide_4_240_33" : { "SmartVehicle" : { "totalDistance" : 1279.237400115758, "pickupTardiness" : 249932542, "deliveryTardiness" : 206256679, "simulationTime" : 24078666, "simFinish" : [true, true, true], "overTime" : 88477333}},
"req_rapide_3_240_33" : { "SmartVehicle" : { "totalDistance" : 1268.039099495587, "pickupTardiness" : 249171570, "deliveryTardiness" : 218671689, "simulationTime" : 23377666, "simFinish" : [true, true, true], "overTime" : 82278000}},
"req_rapide_2_450_24" : { "SmartVehicle" : { "totalDistance" : 3757.8963656801848, "pickupTardiness" : 54809106, "deliveryTardiness" : 20971201, "simulationTime" : 30435000, "simFinish" : [true, true, true], "overTime" : 40723000}},
"req_rapide_5_240_24" : { "SmartVehicle" : { "totalDistance" : 1012.5906046150257, "pickupTardiness" : 61229591, "deliveryTardiness" : 51233042, "simulationTime" : 18509666, "simFinish" : [true, true, true], "overTime" : 35893333}},
"req_rapide_2_240_24" : { "SmartVehicle" : { "totalDistance" : 1201.7049788001075, "pickupTardiness" : 158708789, "deliveryTardiness" : 118304893, "simulationTime" : 21710333, "simFinish" : [true, true, true], "overTime" : 63854666}},
"req_rapide_3_450_24" : { "SmartVehicle" : { "totalDistance" : 3899.7337076409094, "pickupTardiness" : 76410413, "deliveryTardiness" : 46898020, "simulationTime" : 32056000, "simFinish" : [true, true, true], "overTime" : 79091333}},
"req_rapide_5_240_33" : { "SmartVehicle" : { "totalDistance" : 1454.920030373282, "pickupTardiness" : 587170229, "deliveryTardiness" : 533548932, "simulationTime" : 27925666, "simFinish" : [true, true, true], "overTime" : 130364666}},
"req_rapide_2_240_33" : { "SmartVehicle" : { "totalDistance" : 1279.4905410872473, "pickupTardiness" : 230422129, "deliveryTardiness" : 187838905, "simulationTime" : 23330333, "simFinish" : [true, true, true], "overTime" : 83433333}},
"req_rapide_4_450_24" : { "SmartVehicle" : { "totalDistance" : 3823.3013418253777, "pickupTardiness" : 80886518, "deliveryTardiness" : 57206872, "simulationTime" : 32189666, "simFinish" : [true, true, true], "overTime" : 79756666}}
}