{ "req_rapide_3_240_24" : { "SmartVehicle" : { "totalDistance" : 1340.5148083985805, "pickupTardiness" : 95140340, "deliveryTardiness" : 74029975, "simulationTime" : 23039333, "simFinish" : [true, true, true], "overTime" : 75962333}},
"req_rapide_5_450_24" : { "SmartVehicle" : { "totalDistance" : 5110.618828030588, "pickupTardiness" : 103151249, "deliveryTardiness" : 76573118, "simulationTime" : 38005666, "simFinish" : [true, true, true], "overTime" : 200944000}},
"req_rapide_1_240_33" : { "SmartVehicle" : { "totalDistance" : 1846.1158433538858, "pickupTardiness" : 543788825, "deliveryTardiness" : 501605571, "simulationTime" : 31829333, "simFinish" : [true, true, true], "overTime" : 166071666}},
"req_rapide_1_450_24" : { "SmartVehicle" : { "totalDistance" : 4628.8728711970725, "pickupTardiness" : 36655200, "deliveryTardiness" : 27489553, "simulationTime" : 34578333, "simFinish" : [true, true, true], "overTime" : 123373333}},
"req_rapide_1_240_24" : { "SmartVehicle" : { "totalDistance" : 1359.3300413768823, "pickupTardiness" : 80993848, "deliveryTardiness" : 66151294, "simulationTime" : 22546000, "simFinish" : [true, true, true], "overTime" : 72817333}},
"req_rapide_4_240_24" : { "SmartVehicle" : { "totalDistance" : 1291.5716975083262, "pickupTardiness" : 84650897, "deliveryTardiness" : 61601841, "simulationTime" : 22112666, "simFinish" : [true, true, true], "overTime" : 67660000}},
"req_rapide_4_240_33" : { "SmartVehicle" : { "totalDistance" : 1634.4946661893966, "pickupTardiness" : 288127498, "deliveryTardiness" : 250899140, "simulationTime" : 27874333, "simFinish" : [true, true, true], "overTime" : 125542333}},
"req_rapide_3_240_33" : { "SmartVehicle" : { "totalDistance" : 1634.2683455022154, "pickupTardiness" : 252510818, "deliveryTardiness" : 222508236, "simulationTime" : 27713333, "simFinish" : [true, true, true], "overTime" : 120765000}},
"req_rapide_2_450_24" : { "SmartVehicle" : { "totalDistance" : 4526.8197601621205, "pickupTardiness" : 29313846, "deliveryTardiness" : 26476809, "simulationTime" : 34008333, "simFinish" : [true, true, true], "overTime" : 117835666}},
"req_rapide_5_240_24" : { "SmartVehicle" : { "totalDistance" : 1290.7421305040718, "pickupTardiness" : 75423635, "deliveryTardiness" : 58771406, "simulationTime" : 21920333, "simFinish" : [true, true, true], "overTime" : 65391666}},
"req_rapide_2_240_24" : { "SmartVehicle" : { "totalDistance" : 1437.087806233106, "pickupTardiness" : 132707890, "deliveryTardiness" : 100743235, "simulationTime" : 24527000, "simFinish" : [true, true, true], "overTime" : 89133333}},
"req_rapide_3_450_24" : { "SmartVehicle" : { "totalDistance" : 4663.829207290465, "pickupTardiness" : 67567110, "deliveryTardiness" : 47267902, "simulationTime" : 35950333, "simFinish" : [true, true, true], "overTime" : 149106000}},
"req_rapide_5_240_33" : { "SmartVehicle" : { "totalDistance" : 1835.528564077452, "pickupTardiness" : 534069323, "deliveryTardiness" : 493499407, "simulationTime" : 32943333, "simFinish" : [true, true, true], "overTime" : 172114000}},
"req_rapide_2_240_33" : { "SmartVehicle" : { "totalDistance" : 1548.09511493453, "pickupTardiness" : 222336406, "deliveryTardiness" : 187706251, "simulationTime" : 26593333, "simFinish" : [true, true, true], "overTime" : 110946666}},
"req_rapide_4_450_24" : { "SmartVehicle" : { "totalDistance" : 4866.220644232304, "pickupTardiness" : 90227507, "deliveryTardiness" : 59327232, "simulationTime" : 37517333, "simFinish" : [true, true, true], "overTime" : 183310000}}
}