{ "req_rapide_3_240_24" : { "SmartVehicle" : { "totalDistance" : 924.5506125711266, "pickupTardiness" : 64029706, "deliveryTardiness" : 39584079, "simulationTime" : 18363000, "simFinish" : [true, true, true], "overTime" : 31680333}},
"req_rapide_5_450_24" : { "SmartVehicle" : { "totalDistance" : 3760.447397808461, "pickupTardiness" : 86062554, "deliveryTardiness" : 37794998, "simulationTime" : 30582333, "simFinish" : [true, true, true], "overTime" : 56548666}},
"req_rapide_1_240_33" : { "SmartVehicle" : { "totalDistance" : 1271.1224790137496, "pickupTardiness" : 348767518, "deliveryTardiness" : 308874103, "simulationTime" : 25107666, "simFinish" : [true, true, true], "overTime" : 99874666}},
"req_rapide_1_450_24" : { "SmartVehicle" : { "totalDistance" : 3689.5260232950227, "pickupTardiness" : 18569227, "deliveryTardiness" : 11864784, "simulationTime" : 29320666, "simFinish" : [true, true, true], "overTime" : 28866000}},
"req_rapide_1_240_24" : { "SmartVehicle" : { "totalDistance" : 985.7778822078061, "pickupTardiness" : 46551404, "deliveryTardiness" : 36602351, "simulationTime" : 18501666, "simFinish" : [true, true, true], "overTime" : 33026000}},
"req_rapide_4_240_24" : { "SmartVehicle" : { "totalDistance" : 948.7823106847503, "pickupTardiness" : 78647931, "deliveryTardiness" : 40815346, "simulationTime" : 18299000, "simFinish" : [true, true, true], "overTime" : 31230333}},
"req_rapide_4_240_33" : { "SmartVehicle" : { "totalDistance" : 1070.0889982559481, "pickupTardiness" : 173395202, "deliveryTardiness" : 133169312, "simulationTime" : 21285000, "simFinish" : [true, true, true], "overTime" : 61318000}},
"req_rapide_3_240_33" : { "SmartVehicle" : { "totalDistance" : 1078.7201670739403, "pickupTardiness" : 168861958, "deliveryTardiness" : 137100881, "simulationTime" : 21091333, "simFinish" : [true, true, true], "overTime" : 58703000}},
"req_rapide_2_450_24" : { "SmartVehicle" : { "totalDistance" : 3554.468512428197, "pickupTardiness" : 23331240, "deliveryTardiness" : 12125338, "simulationTime" : 28560000, "simFinish" : [true, true, true], "overTime" : 17903333}},
"req_rapide_5_240_24" : { "SmartVehicle" : { "totalDistance" : 945.7014089174342, "pickupTardiness" : 44309924, "deliveryTardiness" : 31124415, "simulationTime" : 17630333, "simFinish" : [true, true, true], "overTime" : 26233000}},
"req_rapide_2_240_24" : { "SmartVehicle" : { "totalDistance" : 1001.242465179263, "pickupTardiness" : 106060404, "deliveryTardiness" : 56674535, "simulationTime" : 18984666, "simFinish" : [true, true, true], "overTime" : 39638666}},
"req_rapide_3_450_24" : { "SmartVehicle" : { "totalDistance" : 3620.9103503975493, "pickupTardiness" : 56929204, "deliveryTardiness" : 25255300, "simulationTime" : 29750666, "simFinish" : [true, true, true], "overTime" : 39738333}},
"req_rapide_5_240_33" : { "SmartVehicle" : { "totalDistance" : 1183.730547910229, "pickupTardiness" : 397826804, "deliveryTardiness" : 342842371, "simulationTime" : 24878333, "simFinish" : [true, true, true], "overTime" : 97616666}},
"req_rapide_2_240_33" : { "SmartVehicle" : { "totalDistance" : 1094.2624848216099, "pickupTardiness" : 146740953, "deliveryTardiness" : 114873525, "simulationTime" : 21139000, "simFinish" : [true, true, true], "overTime" : 59680333}},
"req_rapide_4_450_24" : { "SmartVehicle" : { "totalDistance" : 3565.7300423734414, "pickupTardiness" : 45977409, "deliveryTardiness" : 27651187, "simulationTime" : 30061666, "simFinish" : [true, true, true], "overTime" : 41795666}}
}