{ "req_rapide_3_240_24" : { "SmartVehicle" : { "totalDistance" : 866.8988875145133, "pickupTardiness" : 33231148, "deliveryTardiness" : 25564922, "simulationTime" : 17409666, "simFinish" : [true, true, true], "overTime" : 23280333}},
"req_rapide_5_450_24" : { "SmartVehicle" : { "totalDistance" : 3479.0287826757217, "pickupTardiness" : 7498094, "deliveryTardiness" : 10630155, "simulationTime" : 29212666, "simFinish" : [true, true, true], "overTime" : 22647666}},
"req_rapide_1_240_33" : { "SmartVehicle" : { "totalDistance" : 1167.256224846187, "pickupTardiness" : 301340399, "deliveryTardiness" : 272907168, "simulationTime" : 23929000, "simFinish" : [true, true, true], "overTime" : 88700000}},
"req_rapide_1_450_24" : { "SmartVehicle" : { "totalDistance" : 3558.024151746382, "pickupTardiness" : 3177650, "deliveryTardiness" : 7353604, "simulationTime" : 28532000, "simFinish" : [true, true, true], "overTime" : 12520666}},
"req_rapide_1_240_24" : { "SmartVehicle" : { "totalDistance" : 939.9054979585668, "pickupTardiness" : 28513471, "deliveryTardiness" : 23474909, "simulationTime" : 17987000, "simFinish" : [true, true, true], "overTime" : 27609000}},
"req_rapide_4_240_24" : { "SmartVehicle" : { "totalDistance" : 844.2313445404752, "pickupTardiness" : 27390303, "deliveryTardiness" : 20424194, "simulationTime" : 16778666, "simFinish" : [true, true, true], "overTime" : 18080000}},
"req_rapide_4_240_33" : { "SmartVehicle" : { "totalDistance" : 1023.810643689632, "pickupTardiness" : 159529019, "deliveryTardiness" : 125577142, "simulationTime" : 21051333, "simFinish" : [true, true, true], "overTime" : 56246000}},
"req_rapide_3_240_33" : { "SmartVehicle" : { "totalDistance" : 1020.5805827282724, "pickupTardiness" : 127768314, "deliveryTardiness" : 111165655, "simulationTime" : 20274333, "simFinish" : [true, true, true], "overTime" : 51539000}},
"req_rapide_2_450_24" : { "SmartVehicle" : { "totalDistance" : 3465.8714703896517, "pickupTardiness" : 1666123, "deliveryTardiness" : 5255500, "simulationTime" : 28320666, "simFinish" : [true, true, true], "overTime" : 6172333}},
"req_rapide_5_240_24" : { "SmartVehicle" : { "totalDistance" : 891.0425983956484, "pickupTardiness" : 20680155, "deliveryTardiness" : 18279020, "simulationTime" : 17034000, "simFinish" : [true, true, true], "overTime" : 18785000}},
"req_rapide_2_240_24" : { "SmartVehicle" : { "totalDistance" : 932.5473137311051, "pickupTardiness" : 50227491, "deliveryTardiness" : 34393256, "simulationTime" : 18009000, "simFinish" : [true, true, true], "overTime" : 29545666}},
"req_rapide_3_450_24" : { "SmartVehicle" : { "totalDistance" : 3450.406421224708, "pickupTardiness" : 3680157, "deliveryTardiness" : 12224542, "simulationTime" : 29299666, "simFinish" : [true, true, true], "overTime" : 18121333}},
"req_rapide_5_240_33" : { "SmartVehicle" : { "totalDistance" : 1092.536831051976, "pickupTardiness" : 327587947, "deliveryTardiness" : 294818408, "simulationTime" : 23673000, "simFinish" : [true, true, true], "overTime" : 85457333}},
"req_rapide_2_240_33" : { "SmartVehicle" : { "totalDistance" : 995.795376987664, "pickupTardiness" : 112063922, "deliveryTardiness" : 86037305, "simulationTime" : 19940000, "simFinish" : [true, true, true], "overTime" : 47900000}},
"req_rapide_4_450_24" : { "SmartVehicle" : { "totalDistance" : 3359.8075740485397, "pickupTardiness" : 7436834, "deliveryTardiness" : 5885396, "simulationTime" : 28816333, "simFinish" : [true, true, true], "overTime" : 15705000}}
}