{ "req_rapide_3_240_24" : { "SmartVehicle" : { "totalDistance" : 931.7774521163097, "pickupTardiness" : 37212364, "deliveryTardiness" : 29069295, "simulationTime" : 17960000, "simFinish" : [true, true, true], "overTime" : 27310333}},
"req_rapide_5_450_24" : { "SmartVehicle" : { "totalDistance" : 3494.8681012826996, "pickupTardiness" : 13157717, "deliveryTardiness" : 10682728, "simulationTime" : 28606666, "simFinish" : [true, true, true], "overTime" : 12578666}},
"req_rapide_1_240_33" : { "SmartVehicle" : { "totalDistance" : 1216.210576032905, "pickupTardiness" : 353935944, "deliveryTardiness" : 322223139, "simulationTime" : 24203000, "simFinish" : [true, true, true], "overTime" : 91497666}},
"req_rapide_1_450_24" : { "SmartVehicle" : { "totalDistance" : 3537.5516591278865, "pickupTardiness" : 2086623, "deliveryTardiness" : 5707300, "simulationTime" : 28143666, "simFinish" : [true, true, true], "overTime" : 2449000}},
"req_rapide_1_240_24" : { "SmartVehicle" : { "totalDistance" : 942.8083647650005, "pickupTardiness" : 28590984, "deliveryTardiness" : 24990810, "simulationTime" : 17532666, "simFinish" : [true, true, true], "overTime" : 24324666}},
"req_rapide_4_240_24" : { "SmartVehicle" : { "totalDistance" : 908.9782675305473, "pickupTardiness" : 32740056, "deliveryTardiness" : 26306128, "simulationTime" : 17599666, "simFinish" : [true, true, true], "overTime" : 24070000}},
"req_rapide_4_240_33" : { "SmartVehicle" : { "totalDistance" : 1072.0885990419624, "pickupTardiness" : 170336359, "deliveryTardiness" : 133824191, "simulationTime" : 21308666, "simFinish" : [true, true, true], "overTime" : 60016333}},
"req_rapide_3_240_33" : { "SmartVehicle" : { "totalDistance" : 1123.6726196110696, "pickupTardiness" : 134885960, "deliveryTardiness" : 117372547, "simulationTime" : 21388333, "simFinish" : [true, true, true], "overTime" : 61543000}},
"req_rapide_2_450_24" : { "SmartVehicle" : { "totalDistance" : 3520.0561535238635, "pickupTardiness" : 1939186, "deliveryTardiness" : 6657921, "simulationTime" : 28018666, "simFinish" : [true, true, true], "overTime" : 3721000}},
"req_rapide_5_240_24" : { "SmartVehicle" : { "totalDistance" : 915.4760497513543, "pickupTardiness" : 24558962, "deliveryTardiness" : 21952702, "simulationTime" : 17393666, "simFinish" : [true, true, true], "overTime" : 20295666}},
"req_rapide_2_240_24" : { "SmartVehicle" : { "totalDistance" : 943.3852911297087, "pickupTardiness" : 55122551, "deliveryTardiness" : 36193859, "simulationTime" : 18174000, "simFinish" : [true, true, true], "overTime" : 29376333}},
"req_rapide_3_450_24" : { "SmartVehicle" : { "totalDistance" : 3379.4563073865847, "pickupTardiness" : 2802663, "deliveryTardiness" : 9703655, "simulationTime" : 28403666, "simFinish" : [true, true, true], "overTime" : 4587333}},
"req_rapide_5_240_33" : { "SmartVehicle" : { "totalDistance" : 1153.3454878787577, "pickupTardiness" : 354062290, "deliveryTardiness" : 319444590, "simulationTime" : 24118000, "simFinish" : [true, true, true], "overTime" : 90434333}},
"req_rapide_2_240_33" : { "SmartVehicle" : { "totalDistance" : 1142.3699159275718, "pickupTardiness" : 120846633, "deliveryTardiness" : 101936194, "simulationTime" : 21415333, "simFinish" : [true, true, true], "overTime" : 63451333}},
"req_rapide_4_450_24" : { "SmartVehicle" : { "totalDistance" : 3299.242315970891, "pickupTardiness" : 5092194, "deliveryTardiness" : 6919086, "simulationTime" : 28172666, "simFinish" : [true, true, true], "overTime" : 2982000}}
}