{ "req_rapide_3_240_24" : { "SmartVehicle" : { "totalDistance" : 1018.513231299839, "pickupTardiness" : 86383096, "deliveryTardiness" : 51737415, "simulationTime" : 19047000, "simFinish" : [true, true, true], "overTime" : 39241666}},
"req_rapide_5_450_24" : { "SmartVehicle" : { "totalDistance" : 3860.8144605594966, "pickupTardiness" : 125402086, "deliveryTardiness" : 41943134, "simulationTime" : 30639666, "simFinish" : [true, true, true], "overTime" : 56237000}},
"req_rapide_1_240_33" : { "SmartVehicle" : { "totalDistance" : 1302.066146555697, "pickupTardiness" : 383104755, "deliveryTardiness" : 333805498, "simulationTime" : 25417666, "simFinish" : [true, true, true], "overTime" : 102541000}},
"req_rapide_1_450_24" : { "SmartVehicle" : { "totalDistance" : 3737.452678249129, "pickupTardiness" : 19979987, "deliveryTardiness" : 10994310, "simulationTime" : 29147666, "simFinish" : [true, true, true], "overTime" : 25320000}},
"req_rapide_1_240_24" : { "SmartVehicle" : { "totalDistance" : 1081.969489316935, "pickupTardiness" : 56750825, "deliveryTardiness" : 41995465, "simulationTime" : 19372666, "simFinish" : [true, true, true], "overTime" : 41513666}},
"req_rapide_4_240_24" : { "SmartVehicle" : { "totalDistance" : 976.1176513844757, "pickupTardiness" : 86672299, "deliveryTardiness" : 48783076, "simulationTime" : 18542333, "simFinish" : [true, true, true], "overTime" : 33202666}},
"req_rapide_4_240_33" : { "SmartVehicle" : { "totalDistance" : 1161.8555577800237, "pickupTardiness" : 196813999, "deliveryTardiness" : 152293588, "simulationTime" : 22312333, "simFinish" : [true, true, true], "overTime" : 70699666}},
"req_rapide_3_240_33" : { "SmartVehicle" : { "totalDistance" : 1118.6403135403934, "pickupTardiness" : 186927470, "deliveryTardiness" : 149528510, "simulationTime" : 21771333, "simFinish" : [true, true, true], "overTime" : 64061333}},
"req_rapide_2_450_24" : { "SmartVehicle" : { "totalDistance" : 3698.6959803761188, "pickupTardiness" : 39000642, "deliveryTardiness" : 12396300, "simulationTime" : 29147666, "simFinish" : [true, true, true], "overTime" : 24186000}},
"req_rapide_5_240_24" : { "SmartVehicle" : { "totalDistance" : 961.2555341367855, "pickupTardiness" : 42745257, "deliveryTardiness" : 30442752, "simulationTime" : 17988666, "simFinish" : [true, true, true], "overTime" : 27151000}},
"req_rapide_2_240_24" : { "SmartVehicle" : { "totalDistance" : 1052.460656391843, "pickupTardiness" : 103027626, "deliveryTardiness" : 66889097, "simulationTime" : 19644333, "simFinish" : [true, true, true], "overTime" : 43353333}},
"req_rapide_3_450_24" : { "SmartVehicle" : { "totalDistance" : 3775.972395930137, "pickupTardiness" : 86176881, "deliveryTardiness" : 31031748, "simulationTime" : 30442000, "simFinish" : [true, true, true], "overTime" : 47721000}},
"req_rapide_5_240_33" : { "SmartVehicle" : { "totalDistance" : 1264.2519962774556, "pickupTardiness" : 422711094, "deliveryTardiness" : 366194092, "simulationTime" : 25702666, "simFinish" : [true, true, true], "overTime" : 104838000}},
"req_rapide_2_240_33" : { "SmartVehicle" : { "totalDistance" : 1148.4915680704637, "pickupTardiness" : 157901870, "deliveryTardiness" : 121328684, "simulationTime" : 21694333, "simFinish" : [true, true, true], "overTime" : 64477666}},
"req_rapide_4_450_24" : { "SmartVehicle" : { "totalDistance" : 3800.783128869383, "pickupTardiness" : 83574828, "deliveryTardiness" : 38328432, "simulationTime" : 30706333, "simFinish" : [true, true, true], "overTime" : 62133000}}
}