{ "req_rapide_3_240_24" : { "SmartVehicle" : { "totalDistance" : 1061.2156423496142, "pickupTardiness" : 86673433, "deliveryTardiness" : 62315947, "simulationTime" : 19835333, "simFinish" : [true, true, true], "overTime" : 46466666}},
"req_rapide_5_450_24" : { "SmartVehicle" : { "totalDistance" : 3812.6046789968445, "pickupTardiness" : 40505378, "deliveryTardiness" : 23842639, "simulationTime" : 31404666, "simFinish" : [true, true, true], "overTime" : 66022333}},
"req_rapide_1_240_33" : { "SmartVehicle" : { "totalDistance" : 1516.9929878938965, "pickupTardiness" : 501461436, "deliveryTardiness" : 461451884, "simulationTime" : 28016666, "simFinish" : [true, true, true], "overTime" : 129458000}},
"req_rapide_1_450_24" : { "SmartVehicle" : { "totalDistance" : 3684.9020900802057, "pickupTardiness" : 11072561, "deliveryTardiness" : 9162702, "simulationTime" : 30334333, "simFinish" : [true, true, true], "overTime" : 36596000}},
"req_rapide_1_240_24" : { "SmartVehicle" : { "totalDistance" : 1012.5112532716839, "pickupTardiness" : 57260891, "deliveryTardiness" : 45255192, "simulationTime" : 18665000, "simFinish" : [true, true, true], "overTime" : 37102000}},
"req_rapide_4_240_24" : { "SmartVehicle" : { "totalDistance" : 1031.4903015447262, "pickupTardiness" : 82618908, "deliveryTardiness" : 48805473, "simulationTime" : 19240333, "simFinish" : [true, true, true], "overTime" : 40896333}},
"req_rapide_4_240_33" : { "SmartVehicle" : { "totalDistance" : 1258.7814085995917, "pickupTardiness" : 235035576, "deliveryTardiness" : 198882152, "simulationTime" : 23804666, "simFinish" : [true, true, true], "overTime" : 85623666}},
"req_rapide_3_240_33" : { "SmartVehicle" : { "totalDistance" : 1236.4251481833162, "pickupTardiness" : 205373943, "deliveryTardiness" : 182842344, "simulationTime" : 22912666, "simFinish" : [true, true, true], "overTime" : 78432000}},
"req_rapide_2_450_24" : { "SmartVehicle" : { "totalDistance" : 3649.2280278229814, "pickupTardiness" : 5117403, "deliveryTardiness" : 5402755, "simulationTime" : 30090333, "simFinish" : [true, true, true], "overTime" : 29592666}},
"req_rapide_5_240_24" : { "SmartVehicle" : { "totalDistance" : 1068.5460143262478, "pickupTardiness" : 64072155, "deliveryTardiness" : 52317581, "simulationTime" : 19254000, "simFinish" : [true, true, true], "overTime" : 40973000}},
"req_rapide_2_240_24" : { "SmartVehicle" : { "totalDistance" : 1146.2613388872303, "pickupTardiness" : 121188513, "deliveryTardiness" : 82851309, "simulationTime" : 21123333, "simFinish" : [true, true, true], "overTime" : 56962666}},
"req_rapide_3_450_24" : { "SmartVehicle" : { "totalDistance" : 3764.0766907433895, "pickupTardiness" : 27736066, "deliveryTardiness" : 21234609, "simulationTime" : 31830666, "simFinish" : [true, true, true], "overTime" : 60035666}},
"req_rapide_5_240_33" : { "SmartVehicle" : { "totalDistance" : 1448.8872552122682, "pickupTardiness" : 536583957, "deliveryTardiness" : 485020880, "simulationTime" : 27969666, "simFinish" : [true, true, true], "overTime" : 129121000}},
"req_rapide_2_240_33" : { "SmartVehicle" : { "totalDistance" : 1211.2547260599297, "pickupTardiness" : 190764891, "deliveryTardiness" : 157850320, "simulationTime" : 22576666, "simFinish" : [true, true, true], "overTime" : 74485000}},
"req_rapide_4_450_24" : { "SmartVehicle" : { "totalDistance" : 3833.4257057144787, "pickupTardiness" : 46361296, "deliveryTardiness" : 30905987, "simulationTime" : 32089000, "simFinish" : [true, true, true], "overTime" : 74172333}}
}