{ "req_rapide_3_240_24" : { "SmartVehicle" : { "totalDistance" : 896.7974158571777, "pickupTardiness" : 48010511, "deliveryTardiness" : 31427434, "simulationTime" : 18043333, "simFinish" : [true, true, true], "overTime" : 26405333}},
"req_rapide_5_450_24" : { "SmartVehicle" : { "totalDistance" : 3531.4480559009644, "pickupTardiness" : 14153583, "deliveryTardiness" : 12628856, "simulationTime" : 29196666, "simFinish" : [true, true, true], "overTime" : 27743000}},
"req_rapide_1_240_33" : { "SmartVehicle" : { "totalDistance" : 1126.6859794785912, "pickupTardiness" : 315850011, "deliveryTardiness" : 281577668, "simulationTime" : 23394333, "simFinish" : [true, true, true], "overTime" : 83500000}},
"req_rapide_1_450_24" : { "SmartVehicle" : { "totalDistance" : 3564.1922451938585, "pickupTardiness" : 2243670, "deliveryTardiness" : 7583218, "simulationTime" : 28792333, "simFinish" : [true, true, true], "overTime" : 13056000}},
"req_rapide_1_240_24" : { "SmartVehicle" : { "totalDistance" : 913.974588618525, "pickupTardiness" : 33715692, "deliveryTardiness" : 28215603, "simulationTime" : 17469000, "simFinish" : [true, true, true], "overTime" : 23349666}},
"req_rapide_4_240_24" : { "SmartVehicle" : { "totalDistance" : 935.3551026063118, "pickupTardiness" : 57416201, "deliveryTardiness" : 30098392, "simulationTime" : 18156666, "simFinish" : [true, true, true], "overTime" : 29804333}},
"req_rapide_4_240_33" : { "SmartVehicle" : { "totalDistance" : 1016.3909623943259, "pickupTardiness" : 144949523, "deliveryTardiness" : 114103854, "simulationTime" : 20896333, "simFinish" : [true, true, true], "overTime" : 54315333}},
"req_rapide_3_240_33" : { "SmartVehicle" : { "totalDistance" : 1039.0697863226437, "pickupTardiness" : 134557761, "deliveryTardiness" : 117188040, "simulationTime" : 20617333, "simFinish" : [true, true, true], "overTime" : 54097000}},
"req_rapide_2_450_24" : { "SmartVehicle" : { "totalDistance" : 3499.1009296952893, "pickupTardiness" : 2023322, "deliveryTardiness" : 6099421, "simulationTime" : 28301666, "simFinish" : [true, true, true], "overTime" : 12362000}},
"req_rapide_5_240_24" : { "SmartVehicle" : { "totalDistance" : 915.9850054229155, "pickupTardiness" : 25323327, "deliveryTardiness" : 21865693, "simulationTime" : 17361666, "simFinish" : [true, true, true], "overTime" : 21972000}},
"req_rapide_2_240_24" : { "SmartVehicle" : { "totalDistance" : 912.5978975814414, "pickupTardiness" : 48976983, "deliveryTardiness" : 33251101, "simulationTime" : 18023000, "simFinish" : [true, true, true], "overTime" : 27949000}},
"req_rapide_3_450_24" : { "SmartVehicle" : { "totalDistance" : 3431.856584023326, "pickupTardiness" : 2209249, "deliveryTardiness" : 7416596, "simulationTime" : 29200000, "simFinish" : [true, true, true], "overTime" : 17242000}},
"req_rapide_5_240_33" : { "SmartVehicle" : { "totalDistance" : 1051.210306360542, "pickupTardiness" : 322912763, "deliveryTardiness" : 288663264, "simulationTime" : 23263000, "simFinish" : [true, true, true], "overTime" : 80771666}},
"req_rapide_2_240_33" : { "SmartVehicle" : { "totalDistance" : 1006.9035108814023, "pickupTardiness" : 107905039, "deliveryTardiness" : 85245334, "simulationTime" : 19807000, "simFinish" : [true, true, true], "overTime" : 48503333}},
"req_rapide_4_450_24" : { "SmartVehicle" : { "totalDistance" : 3367.5275318126646, "pickupTardiness" : 8751811, "deliveryTardiness" : 7947476, "simulationTime" : 29188666, "simFinish" : [true, true, true], "overTime" : 20155333}}
}