{ "req_rapide_3_240_24" : { "SmartVehicle" : { "totalDistance" : 762.8504477514916, "pickupTardiness" : 76664922, "deliveryTardiness" : 303588958, "simulationTime" : 24119333, "simFinish" : [true, true, true], "overTime" : 52631000}},
"req_rapide_5_450_24" : { "SmartVehicle" : { "totalDistance" : 2818.8997081854195, "pickupTardiness" : 149821688, "deliveryTardiness" : 801924480, "simulationTime" : 37067000, "simFinish" : [true, true, true], "overTime" : 117747000}},
"req_rapide_1_240_33" : { "SmartVehicle" : { "totalDistance" : 910.1831580047243, "pickupTardiness" : 161726171, "deliveryTardiness" : 845980446, "simulationTime" : 28226333, "simFinish" : [true, true, true], "overTime" : 99500000}},
"req_rapide_1_450_24" : { "SmartVehicle" : { "totalDistance" : 2885.357615270284, "pickupTardiness" : 80975383, "deliveryTardiness" : 461370270, "simulationTime" : 36398333, "simFinish" : [true, true, true], "overTime" : 87465000}},
"req_rapide_1_240_24" : { "SmartVehicle" : { "totalDistance" : 802.2386197514151, "pickupTardiness" : 69904077, "deliveryTardiness" : 262733216, "simulationTime" : 23292666, "simFinish" : [true, true, true], "overTime" : 52315666}},
"req_rapide_4_240_24" : { "SmartVehicle" : { "totalDistance" : 797.9281428336088, "pickupTardiness" : 76326334, "deliveryTardiness" : 216949567, "simulationTime" : 21626000, "simFinish" : [true, true, true], "overTime" : 50335000}},
"req_rapide_4_240_33" : { "SmartVehicle" : { "totalDistance" : 773.7859528883215, "pickupTardiness" : 101818014, "deliveryTardiness" : 548536705, "simulationTime" : 28601333, "simFinish" : [true, true, true], "overTime" : 76607666}},
"req_rapide_3_240_33" : { "SmartVehicle" : { "totalDistance" : 775.4682270863544, "pickupTardiness" : 93823415, "deliveryTardiness" : 461700311, "simulationTime" : 24788666, "simFinish" : [true, true, true], "overTime" : 67276666}},
"req_rapide_2_450_24" : { "SmartVehicle" : { "totalDistance" : 2730.7788982686156, "pickupTardiness" : 71868214, "deliveryTardiness" : 412252867, "simulationTime" : 34483666, "simFinish" : [true, true, true], "overTime" : 81329666}},
"req_rapide_5_240_24" : { "SmartVehicle" : { "totalDistance" : 735.6503748158669, "pickupTardiness" : 55801343, "deliveryTardiness" : 188357377, "simulationTime" : 21162333, "simFinish" : [true, true, true], "overTime" : 43408000}},
"req_rapide_2_240_24" : { "SmartVehicle" : { "totalDistance" : 815.2397664355425, "pickupTardiness" : 92147084, "deliveryTardiness" : 296646521, "simulationTime" : 22786666, "simFinish" : [true, true, true], "overTime" : 58007000}},
"req_rapide_3_450_24" : { "SmartVehicle" : { "totalDistance" : 2599.460687079885, "pickupTardiness" : 80662346, "deliveryTardiness" : 635061915, "simulationTime" : 36015666, "simFinish" : [true, true, true], "overTime" : 92373333}},
"req_rapide_5_240_33" : { "SmartVehicle" : { "totalDistance" : 850.8357149168263, "pickupTardiness" : 159101724, "deliveryTardiness" : 839168884, "simulationTime" : 26791333, "simFinish" : [true, true, true], "overTime" : 92714000}},
"req_rapide_2_240_33" : { "SmartVehicle" : { "totalDistance" : 856.5527659541946, "pickupTardiness" : 139427530, "deliveryTardiness" : 437873694, "simulationTime" : 23855333, "simFinish" : [true, true, true], "overTime" : 80111666}},
"req_rapide_4_450_24" : { "SmartVehicle" : { "totalDistance" : 2635.5470707908416, "pickupTardiness" : 168972304, "deliveryTardiness" : 811932946, "simulationTime" : 36423666, "simFinish" : [true, true, true], "overTime" : 122802000}}
}