{ "req_rapide_1_450_24" : { "bestfuture trivial" : { "totalDistance" : 3502.979864335015, "pickupTardiness" : 4703383, "deliveryTardiness" : 4391242, "simulationTime" : 28668000, "simFinish" : [true], "overTime" : 10397000, "gTardiness" : 151.57708333333332, "gOverTime" : 173.28333333333333, "gTravelTime" : 7005.95972867003, "gCost" : 7330.820145336697}, "greedy" : { "totalDistance" : 771.6872520796732, "pickupTardiness" : 254117849, "deliveryTardiness" : 59284502, "simulationTime" : 30320000, "simFinish" : [true], "overTime" : 45880000, "gTardiness" : 5223.372516666666, "gOverTime" : 764.6666666666666, "gTravelTime" : 1543.3745041593463, "gCost" : 7531.41368749268}, "early simple" : { "totalDistance" : 1212.7948997836165, "pickupTardiness" : 95392513, "deliveryTardiness" : 541436197, "simulationTime" : 39572000, "simFinish" : [true], "overTime" : 94113000, "gTardiness" : 10613.811833333333, "gOverTime" : 1568.55, "gTravelTime" : 2425.589799567233, "gCost" : 14607.951632900566}, "greedy global" : { "totalDistance" : 1643.0249197198502, "pickupTardiness" : 733322, "deliveryTardiness" : 5695076, "simulationTime" : 27467000, "simFinish" : [true], "overTime" : 2013000, "gTardiness" : 107.13996666666667, "gOverTime" : 33.55, "gTravelTime" : 3286.0498394397005, "gCost" : 3426.7398061063673}, "bestfuture simple defaults" : { "totalDistance" : 3935.370591545748, "pickupTardiness" : 38017893, "deliveryTardiness" : 20832909, "simulationTime" : 30823000, "simFinish" : [true], "overTime" : 56772000, "gTardiness" : 980.8467, "gOverTime" : 946.2, "gTravelTime" : 7870.741183091496, "gCost" : 9797.787883091496}},
"req_rapide_1_240_33" : { "bestfuture trivial" : { "totalDistance" : 1224.356941316271, "pickupTardiness" : 319343458, "deliveryTardiness" : 286767575, "simulationTime" : 24845000, "simFinish" : [true], "overTime" : 94481000, "gTardiness" : 10101.85055, "gOverTime" : 1574.6833333333334, "gTravelTime" : 2448.713882632542, "gCost" : 14125.247765965876}, "greedy" : { "totalDistance" : 616.1677073002598, "pickupTardiness" : 548028362, "deliveryTardiness" : 470908868, "simulationTime" : 25210000, "simFinish" : [true], "overTime" : 100426000, "gTardiness" : 16982.287166666665, "gOverTime" : 1673.7666666666667, "gTravelTime" : 1232.3354146005197, "gCost" : 19888.38924793385}, "early simple" : { "totalDistance" : 697.1910407657608, "pickupTardiness" : 151542781, "deliveryTardiness" : 847041057, "simulationTime" : 26236000, "simFinish" : [true], "overTime" : 102753000, "gTardiness" : 16643.06396666667, "gOverTime" : 1712.55, "gTravelTime" : 1394.3820815315216, "gCost" : 19749.99604819819}, "greedy global" : { "totalDistance" : 618.1357347440269, "pickupTardiness" : 212543173, "deliveryTardiness" : 198450713, "simulationTime" : 20651000, "simFinish" : [true], "overTime" : 55117000, "gTardiness" : 6849.8981, "gOverTime" : 918.6166666666667, "gTravelTime" : 1236.2714694880538, "gCost" : 9004.786236154721}, "bestfuture simple defaults" : { "totalDistance" : 1200.1480818651871, "pickupTardiness" : 349614764, "deliveryTardiness" : 312881838, "simulationTime" : 24499000, "simFinish" : [true], "overTime" : 92427000, "gTardiness" : 11041.610033333332, "gOverTime" : 1540.45, "gTravelTime" : 2400.2961637303742, "gCost" : 14982.356197063707}},
"req_rapide_1_240_24" : { "bestfuture trivial" : { "totalDistance" : 886.0233269705997, "pickupTardiness" : 39903889, "deliveryTardiness" : 27611535, "simulationTime" : 17564000, "simFinish" : [true], "overTime" : 22551000, "gTardiness" : 1125.2570666666666, "gOverTime" : 375.85, "gTravelTime" : 1772.0466539411993, "gCost" : 3273.153720607866}, "greedy" : { "totalDistance" : 529.1697309488677, "pickupTardiness" : 123052397, "deliveryTardiness" : 74317825, "simulationTime" : 20439000, "simFinish" : [true], "overTime" : 50693000, "gTardiness" : 3289.5037, "gOverTime" : 844.8833333333333, "gTravelTime" : 1058.3394618977354, "gCost" : 5192.726495231069}, "early simple" : { "totalDistance" : 507.6288857202418, "pickupTardiness" : 85411990, "deliveryTardiness" : 265325494, "simulationTime" : 22694000, "simFinish" : [true], "overTime" : 59854000, "gTardiness" : 5845.624733333333, "gOverTime" : 997.5666666666667, "gTravelTime" : 1015.2577714404836, "gCost" : 7858.449171440483}, "greedy global" : { "totalDistance" : 569.3983600046571, "pickupTardiness" : 6316011, "deliveryTardiness" : 12106787, "simulationTime" : 15621000, "simFinish" : [true], "overTime" : 7171000, "gTardiness" : 307.0466333333333, "gOverTime" : 119.51666666666667, "gTravelTime" : 1138.7967200093142, "gCost" : 1565.3600200093142}, "bestfuture simple defaults" : { "totalDistance" : 962.0609810960676, "pickupTardiness" : 61212364, "deliveryTardiness" : 42022943, "simulationTime" : 17890000, "simFinish" : [true], "overTime" : 29662000, "gTardiness" : 1720.58845, "gOverTime" : 494.3666666666667, "gTravelTime" : 1924.1219621921352, "gCost" : 4139.0770788588015}}
}